CustomerID,Customer Name,NumDebitCards,NumCreditCards,NumofCOD,NumofMMDAs,NumLoans,NumSavingsAccount,DebitLast3Month,CreditLast3Month,WebClick,InternetBankTrans,AveBalance3Year,NumActivePayers,Experian,Equifax,Transunion,Outcome
9823492837,Lowell Lasker  ,2,1,1,1,5,0,53,67,2,12,55706,11,624,497,529,1
7930444336,Deidra Mauck  ,2,3,1,0,1,1,67,72,3,8,40167,5,337,509,517,1
871813809,Kiara Davis  ,1,2,0,1,3,1,16,58,4,8,2080,10,447,323,789,1
4393332593,Hae Golston  ,1,2,1,1,9,1,78,52,5,7,37973,9,774,556,361,1
4736026083,Karren Gagne  ,1,2,3,1,3,0,66,57,12,12,145420,6,782,584,371,1
167576077,Amiee Owusu  ,2,1,2,0,2,0,59,71,9,17,64222,8,641,730,663,1
1371322967,Crista Blankinship  ,2,1,3,1,8,0,72,61,12,5,60587,3,789,491,436,0
3191464289,Noel Garlick  ,2,2,2,0,8,1,42,40,3,7,197564,5,751,337,481,1
9176328581,Gerardo Jurado  ,2,1,2,1,7,1,17,47,2,19,196959,13,468,603,783,1
590376124,Arie Sinkfield  ,1,3,0,1,3,1,17,45,12,20,161986,11,690,535,547,1
4442142325,Madeleine Schmidt  ,2,3,3,1,2,1,50,63,5,17,195710,3,542,339,463,1
4737877505,Nicholle Manzanares  ,1,3,1,0,9,1,41,39,5,9,106292,9,367,656,590,0
3086934318,Karisa Weishaar  ,2,1,1,1,9,1,20,72,11,13,22611,15,679,652,676,1
2710680311,Angeline Yates  ,2,1,0,1,10,0,73,74,11,5,87812,15,751,307,422,0
9409468455,Rosana Farren  ,1,1,1,0,5,0,74,70,14,9,146600,8,659,773,789,1
8442064002,Helen Bohman  ,1,1,3,1,0,0,43,43,14,10,50309,10,611,335,519,1
4767376911,Giuseppina Kozlowski  ,2,3,1,0,7,1,52,39,2,15,30954,4,417,654,632,1
4939317438,Sarita Blood  ,1,1,2,1,9,1,77,51,12,10,10130,14,621,525,699,1
102770883,Sang Rambin  ,2,3,3,1,1,0,78,55,4,18,3559,9,674,635,797,1
1469430217,Nerissa Venema  ,2,3,0,0,4,1,56,69,4,14,26825,3,576,594,426,1
6928303134,Kacy Graf  ,2,3,3,1,9,1,51,37,12,16,45468,6,724,764,541,1
1829769594,Nam Winker  ,1,1,2,1,8,0,60,47,5,11,19491,5,324,482,547,1
9487249679,Kymberly Westgate  ,2,1,3,0,10,0,18,59,8,8,100523,13,755,508,308,1
5787213559,Woodrow Mayton  ,1,1,3,1,0,1,11,63,10,5,46541,14,683,589,442,1
7783404039,Alena Fils  ,1,1,1,1,4,1,58,42,7,11,114304,10,503,437,357,1
9610091506,Johnna Chmielewski  ,1,1,1,0,5,1,27,53,14,9,18663,14,376,587,452,1
2851175551,Edda Pfeffer  ,2,2,3,1,0,0,27,52,8,17,116289,4,323,700,517,0
789441591,Gayle Wiley  ,2,1,3,0,3,0,46,51,4,12,86776,3,570,675,789,0
5180981162,Beulah Rourke  ,1,3,2,1,8,1,58,73,15,11,11159,14,546,374,670,1
9578824514,Cami Medrano  ,2,3,0,0,4,0,11,65,6,18,89776,14,643,619,458,1
8696341344,Eric Sedlock  ,2,1,1,1,2,0,22,58,7,14,42257,15,449,530,403,1
7384914138,Zulema Forest  ,2,3,3,1,6,0,45,70,4,12,11252,7,525,790,748,1
2140210136,Raelene Wayland  ,1,2,2,1,1,0,18,74,14,15,152231,6,615,532,438,1
4120363385,Aracely Jamerson  ,2,3,0,0,5,1,45,70,11,14,173078,12,447,430,494,0
4604297531,Jaye Strobel  ,2,3,1,1,1,0,23,36,1,9,122075,15,715,522,353,0
7249168298,Barry Oberg  ,1,1,2,1,5,1,48,73,12,5,114651,7,788,335,578,1
2415841307,Hyo Atha  ,1,3,3,0,6,0,55,62,5,16,47728,15,364,315,369,0
762060163,Reed Sahr  ,2,2,0,0,1,1,60,56,12,13,88751,9,426,751,391,0
1215445654,Julieta Desrosiers  ,1,1,2,0,3,1,23,41,4,5,23758,12,457,777,538,1
720204899,Irving Shirah  ,2,2,1,1,9,1,30,69,15,5,143549,5,541,792,495,1
857793204,Miles Ramthun  ,1,2,3,1,7,1,23,38,7,15,151478,15,322,728,459,1
7548758576,Josefa Woodford  ,2,1,3,0,7,1,33,58,12,6,104005,7,466,333,556,1
8761529853,Mistie Pawlowski  ,1,1,3,1,3,1,77,41,15,17,191926,9,450,733,780,1
7083988146,So Noonan  ,1,3,1,1,2,0,35,51,3,20,137978,14,334,361,307,1
6267581188,Erwin Lansing  ,2,1,0,1,4,0,65,37,9,13,95790,8,577,339,357,1
6673310603,Ethel Wertz  ,2,3,2,0,2,1,56,74,1,16,53876,2,617,471,575,1
1206620335,Gay Tobar  ,2,3,1,1,1,1,48,53,3,10,68075,13,792,500,355,1
2223581847,Dell Na  ,1,1,1,1,5,1,62,64,10,10,128686,12,625,582,595,1
116249342,Suzanna Mosher  ,2,2,1,1,4,0,80,58,8,5,28861,14,785,633,790,0
6399989462,Collene Lahti  ,1,2,3,0,1,1,48,47,8,8,49826,2,411,365,628,1
9800266813,Elanor Songer  ,2,1,1,0,2,1,47,57,2,11,142122,12,357,460,395,1
9011977263,Hilma Meadow  ,1,2,2,1,0,0,30,55,11,10,180633,8,389,567,331,1
1289023958,Myrna Monzo  ,2,3,1,1,9,0,66,38,12,12,190821,9,457,331,710,1
1878738745,Erich Medlen  ,2,3,2,0,1,0,50,73,2,10,20033,11,762,537,718,1
4103531006,Luana Lefevre  ,2,3,2,1,1,0,28,73,15,14,112912,7,769,747,317,1
1139634925,Tommye Sheets  ,1,1,0,0,5,0,13,71,14,5,53323,5,783,656,472,1
3447561149,Tillie Backhaus  ,1,1,3,0,6,1,60,70,1,17,54427,14,351,303,788,1
397488863,Keeley Feist  ,2,1,3,0,10,0,35,35,3,7,6464,15,305,559,340,1
6771778712,Barton Nordyke  ,1,3,2,1,4,1,70,69,8,12,26437,9,346,435,336,1
3848113527,Chantay Bonner  ,1,3,0,1,4,0,74,40,4,18,60921,13,631,552,720,0
9206489081,Pamala Ashburn  ,2,2,2,0,4,1,25,60,14,19,25741,10,756,458,336,1
8032813087,Angelika Harness  ,2,1,2,1,10,0,38,39,1,5,9993,6,676,434,731,1
486477532,Ardelia Budzinski  ,1,3,2,0,0,0,53,47,5,9,121772,11,627,445,736,0
3005094380,Hermina Cousin  ,2,2,3,0,6,1,10,57,4,5,2611,11,754,658,581,0
5396153880,Kimberely Weisberg  ,2,2,0,1,2,0,10,40,15,10,57299,13,715,618,714,1
2822259588,Carissa Sidener  ,1,3,1,0,3,0,21,63,5,20,48070,9,328,747,514,1
2848778630,Alvin Crosslin  ,1,1,2,0,1,1,77,62,5,10,13720,8,731,785,398,1
3495577746,Genesis Witherington  ,1,2,1,0,7,1,75,44,10,6,88720,13,315,730,616,1
5775584562,Shenita Treloar  ,2,3,3,0,2,1,45,43,12,7,113828,15,363,790,353,0
577826267,Elaine Jeremiah  ,2,2,1,0,3,0,30,53,1,20,69490,11,417,471,473,1
8153906744,Claudia Capito  ,1,3,1,0,8,0,55,53,11,6,142431,15,729,642,618,0
5709957189,Eleanora Finn  ,1,3,2,0,6,0,36,51,8,17,189921,7,699,693,320,1
2063760220,Naomi Clubb  ,2,1,1,0,2,0,22,46,11,10,83393,7,533,376,611,1
677449056,Portia Greenlaw  ,1,3,1,0,9,1,23,59,8,18,168975,4,414,632,481,1
1810686554,Lanette Maginnis  ,2,3,0,1,4,1,43,35,9,10,96668,5,515,760,774,1
2107906576,Toi Homes  ,2,3,0,1,4,1,62,47,8,15,27895,13,602,415,491,1
9308882750,Kristle Burrell  ,1,3,0,0,7,1,67,61,12,15,69718,3,751,301,763,1
7729270168,Kandi Fenn  ,1,2,3,1,8,1,14,66,15,19,89631,14,796,455,377,1
6932650812,Lilliam Mccausland  ,1,2,2,0,4,0,39,69,1,13,49594,5,408,732,638,1
8780937342,Wilfred Monnin  ,1,1,3,0,2,0,11,41,12,16,22254,2,784,495,389,1
561920161,Elissa Sobus  ,2,1,0,0,10,0,47,39,13,10,162888,10,691,580,761,0
5463828407,Federico Eckler  ,2,3,0,0,1,1,34,42,6,6,177391,10,715,349,582,1
2606704523,Chanelle Speciale  ,2,2,0,0,7,0,36,65,13,14,82307,15,512,325,518,1
991257388,Patience Mak  ,1,3,2,1,10,0,71,68,3,16,132724,13,705,658,504,1
7491000778,Jesusita Chmura  ,1,3,1,1,8,1,62,70,2,8,156913,15,380,790,447,1
2906305921,Desiree Scarboro  ,1,1,1,0,8,0,51,45,11,11,66231,13,638,714,633,1
2541221964,Sheron Winer  ,2,3,2,1,5,0,36,66,1,14,77380,9,659,424,349,1
9332158877,Darell Kimberly  ,1,3,3,0,0,0,32,67,3,12,139488,7,546,330,357,1
9349242256,Ashton Aycock  ,2,1,1,1,7,0,50,48,11,7,93279,13,430,474,709,1
2175358978,Celena Behler  ,1,3,0,0,4,0,71,74,15,5,166338,10,708,741,526,1
718812710,Danica Chamberlain  ,1,2,1,0,9,0,75,58,8,19,164282,3,369,676,557,1
8308249008,Davida Mongiello  ,2,3,3,0,2,0,39,67,7,6,70319,13,478,678,572,1
673647832,Olinda Schlater  ,1,3,3,1,8,0,38,54,8,19,1634,13,722,393,413,1
9320502787,Carli Redel  ,1,1,1,0,2,0,56,46,12,15,164675,8,555,593,799,0
298931555,Keesha Levering  ,2,1,2,1,6,0,78,64,5,9,7826,2,369,387,303,1
3958717375,Ariel Well  ,1,2,1,1,4,1,35,75,12,9,28087,5,715,562,719,1
2633973866,Marleen Christianson  ,1,2,3,1,1,1,25,73,2,14,41532,10,703,479,384,1
6525665784,Donald Vallone  ,1,2,2,1,8,1,20,43,6,15,11070,3,676,591,686,1
9387888173,Timmy Quijano  ,1,2,3,0,0,1,59,39,1,9,144609,15,536,430,318,0
8366501515,Lajuana Garg  ,1,2,1,1,4,0,29,37,1,8,103189,3,573,308,433,1
9079448177,Alessandra Stairs  ,2,2,1,1,8,1,37,68,1,6,156909,8,358,340,524,1
5539363618,Errol Mcmaster  ,2,3,0,1,4,1,37,62,8,9,138726,11,323,676,621,0
2230120148,Lore Agarwal  ,1,3,0,1,7,1,51,40,14,17,81252,10,565,560,684,1
4573276981,Desire Melendrez  ,1,3,2,1,9,1,27,42,5,10,106025,3,390,519,389,0
2582344001,Florencio Bureau  ,1,3,1,0,1,0,24,36,1,7,166003,11,458,540,529,1
5792609234,Kathlene Emert  ,2,3,3,1,2,0,74,60,5,15,120845,15,510,623,631,1
2781439707,Reginia Tome  ,2,3,0,1,9,1,48,56,8,18,192982,7,306,382,348,1
139326106,Debrah Tatro  ,1,3,3,1,6,1,72,67,9,18,68428,8,388,727,479,1
3146320965,Lesia Hammersley  ,1,2,3,0,7,0,54,36,3,17,45622,6,710,762,627,1
5081832547,Teofila Skeens  ,1,1,1,0,2,1,10,49,6,15,170177,7,481,641,518,1
6094209257,Ivory Malley  ,2,3,3,0,5,1,74,47,12,9,15100,10,552,748,597,1
1772655968,Ashleigh Rodrigez  ,2,3,1,1,7,0,35,48,11,14,76289,8,333,322,780,1
4638224174,Elna Farnan  ,2,2,1,0,6,0,34,62,4,6,106872,4,682,577,767,1
7944794152,Melody Rone  ,1,2,1,0,9,1,35,74,4,7,88925,15,533,667,788,1
9392774900,Paul Beaudry  ,2,3,1,0,0,0,15,69,2,12,153283,4,664,370,464,1
4472866733,Tynisha Collin  ,1,3,2,0,7,0,13,40,12,11,11339,10,528,470,346,1
6875106344,Jessica Leber  ,1,1,0,0,4,1,77,69,15,8,37698,2,600,438,705,1
3699762343,Selma Rodden  ,1,1,0,1,10,0,50,72,15,9,33111,15,700,424,388,1
5081162610,Williemae Chipley  ,2,2,0,0,0,1,33,59,13,11,75943,7,310,427,702,1
7927689351,Beaulah Marden  ,2,1,1,1,2,1,14,37,5,17,107508,15,488,639,743,1
63666238,Louella Fye  ,1,1,2,1,9,0,57,71,6,12,182786,6,476,475,471,1
9078723539,Frederick Eifert  ,1,2,2,1,3,1,52,49,1,8,178041,4,761,783,369,1
3503821503,Valentine Mcfall  ,2,2,1,0,8,1,71,56,12,9,90168,3,419,553,393,0
7785849109,Shelba Pike  ,2,3,2,1,2,0,47,39,10,6,18141,3,302,773,344,1
6125195089,Denice Friday  ,2,1,2,1,6,1,73,66,3,9,173420,4,479,482,714,1
1033235758,Jaquelyn Wells  ,1,1,1,0,2,0,36,58,14,19,10097,8,698,368,315,0
6854228193,Garland Striplin  ,1,3,2,0,8,0,59,70,5,15,18867,13,783,521,491,1
4292848684,Cristi Wimbish  ,1,2,1,1,0,0,71,64,6,17,12129,9,629,699,792,1
6849810131,Tonja Ben  ,2,3,1,0,7,1,39,68,4,15,141340,8,408,572,545,1
5314073966,Issac Kwon  ,1,2,1,1,5,0,20,72,1,20,88965,6,462,678,769,1
1329213616,Staci Cimmino  ,1,3,3,1,4,1,62,66,1,8,80787,8,668,454,365,1
9585353206,Caryl Halstead  ,1,1,2,0,5,0,50,47,3,12,195608,13,617,570,335,1
9628269687,Earleen Canter  ,2,3,1,1,3,0,69,70,15,15,50357,2,471,528,581,1
4541783830,Deana Suh  ,2,3,0,0,10,0,37,64,11,11,197533,5,453,434,645,1
220389669,Ashlee Belli  ,2,3,0,1,3,1,17,56,2,13,125986,12,388,321,568,1
4680113891,Jenniffer Harcrow  ,2,3,1,1,5,0,27,63,11,16,58285,5,308,524,584,1
461932502,Willa Lax  ,1,3,1,0,5,0,42,66,13,16,66603,10,611,368,755,1
7418710022,Ji Crete  ,2,1,3,0,4,0,56,49,6,8,9545,14,569,547,438,1
1762318008,Phylicia Dutremble  ,1,2,2,1,10,0,32,59,8,14,5429,7,401,540,435,1
9433277762,Elise Zhu  ,2,3,3,1,7,1,24,39,13,13,125312,13,317,782,681,0
8081661071,Malcom Huss  ,1,2,3,0,1,1,76,35,15,18,161028,14,505,507,665,1
2039944924,Brook Andres  ,1,2,0,0,9,1,48,58,12,16,139471,3,598,676,698,1
6912378886,Neida Uselton  ,1,3,2,1,5,1,75,56,9,20,127956,2,783,662,776,1
7380072518,Domonique Weymouth  ,1,3,3,0,7,1,50,41,14,20,125644,12,311,508,430,1
7404271206,Josette Morrill  ,1,3,1,1,7,1,25,63,3,5,101982,14,794,649,660,1
2553652985,Hee Loveday  ,1,3,1,0,1,1,26,60,11,20,114718,8,603,335,424,1
6371444629,Candice Brandt  ,2,3,2,1,6,0,11,58,12,5,126052,8,430,615,334,1
1133010216,Alvera Schrick  ,2,1,1,1,0,0,56,58,6,12,197666,5,600,318,533,0
3323990541,Maryanna Ferrin  ,2,3,2,1,6,0,71,71,5,7,17803,9,719,610,470,1
4013217512,Earlene Everhart  ,1,1,1,1,3,0,59,69,2,18,128082,9,689,672,649,1
7935642981,Phyliss Blann  ,2,2,1,1,0,0,77,43,13,16,159693,3,613,492,704,1
7957757133,Marvel Cotta  ,1,1,3,0,5,0,55,63,2,20,69962,13,746,706,693,0
544494773,Jenna Burgoyne  ,1,2,0,0,3,1,80,48,13,15,121236,14,639,730,495,1
6884305885,Elina Olveda  ,1,1,2,0,9,1,55,45,14,10,184430,5,550,496,332,0
5842029197,Debra Rankins  ,2,1,0,0,7,0,61,40,15,18,10827,13,708,568,670,1
3714811316,Pei Mcelhannon  ,2,3,2,0,3,0,43,53,1,19,150440,4,765,564,370,1
3677933932,Fredda Capp  ,2,3,1,1,4,0,64,35,10,8,105077,15,450,754,384,1
5765961219,Kandice Granville  ,1,1,1,1,0,1,74,41,7,9,146413,7,381,372,403,1
7499376424,Latoyia Palombo  ,1,1,2,1,4,1,18,63,9,13,140886,5,657,591,550,1
6710682087,Shemika Lemelle  ,2,3,0,0,9,0,58,60,15,20,109804,13,473,711,408,1
1630009800,Emmitt Ronning  ,2,3,0,0,2,0,34,73,12,10,166687,8,327,764,567,1
2881208609,Rosanne Kulpa  ,2,3,3,1,4,1,74,61,8,8,131229,3,719,644,587,1
3135487340,Coreen Sroka  ,1,1,0,0,5,0,59,66,15,7,154220,2,393,621,749,0
4207596071,Akilah Thiry  ,2,2,1,0,6,0,31,43,5,14,161836,11,600,404,645,1
2956680344,Regenia Diem  ,1,1,3,1,10,0,21,69,8,20,110137,3,308,779,494,1
2793459442,Annice Tiano  ,2,2,2,1,7,0,21,41,9,17,192808,15,670,684,647,1
2845035836,Dalia Cathey  ,1,2,3,1,5,1,80,52,10,12,74449,11,375,598,742,0
9113448757,Evonne Tinoco  ,1,2,1,1,5,0,23,69,14,13,198856,2,383,405,696,1
6221293768,Rosalina Hennemann  ,1,3,0,1,1,1,28,75,8,19,105159,10,699,396,721,1
7056105836,Harmony Kolodziej  ,2,2,0,1,9,0,50,35,5,13,78702,13,434,355,432,0
471650190,Valerie Stall  ,1,1,0,0,9,0,80,42,3,16,1075,15,443,707,346,1
1263123146,Suellen Damiano  ,1,1,3,0,7,1,27,56,4,18,66253,13,330,360,412,1
5244326123,Emmaline Viveiros  ,1,1,2,1,7,1,56,70,10,8,171926,14,340,680,561,1
7459573398,Almeda Power  ,2,1,1,0,8,1,45,75,11,10,131145,9,756,364,603,0
3436263147,Mayme Bochenek  ,1,3,0,1,8,0,53,47,5,10,124616,11,783,794,600,1
2818705723,Josefa Schindler  ,2,1,1,0,5,1,72,41,11,14,157614,14,307,715,566,1
9499196094,Shamika Sigala  ,2,2,2,1,2,1,28,48,4,17,143831,15,648,590,612,1
3536403119,Dede Eilerman  ,1,1,3,1,3,1,43,67,8,5,82850,8,352,651,550,1
5054529238,Jenell Mcclenton  ,1,2,0,1,0,1,77,65,10,19,101876,15,528,541,772,1
7002161813,Delora Kincannon  ,1,1,3,0,1,0,43,71,9,18,99654,3,571,368,357,1
2322260951,Cory Foulk  ,2,3,3,1,7,0,77,71,3,6,150492,7,599,632,525,1
8199741982,Maurine Fong  ,1,2,3,0,0,1,61,74,14,19,5595,7,693,550,702,1
6356282510,Star Jenner  ,1,3,3,1,2,0,37,44,12,5,67401,4,401,729,537,0
8503017265,Gregoria Ferris  ,1,2,0,0,2,1,20,47,9,15,15971,8,310,705,712,1
9858543174,Trent Mullan  ,2,2,1,0,8,0,40,58,7,19,24760,11,641,448,543,1
5783686006,Rhonda Rivenbark  ,2,2,3,0,2,0,23,67,10,10,182782,15,694,371,786,1
662224807,Jeanelle Schreiner  ,1,3,2,0,5,1,26,63,15,5,106624,3,755,366,682,1
2317222372,Oralee Mcgriff  ,2,3,2,0,4,0,26,50,7,12,159960,7,670,764,680,1
5055845703,Yevette Gauldin  ,1,1,0,0,0,0,45,54,8,10,133361,14,445,356,760,1
9288544727,Krystle Whisnant  ,1,2,3,1,0,1,37,56,11,5,22934,12,439,735,315,0
9056140677,Lorriane Leaton  ,2,2,0,1,8,1,64,37,6,6,111565,12,522,346,452,1
9867421577,Ginette Cuthbert  ,2,2,3,0,9,0,62,48,4,12,183927,10,320,322,681,1
9734804840,Jane Beckman  ,2,1,0,0,9,1,15,42,1,16,125840,10,590,487,748,1
9471987867,Shela Pellegren  ,2,1,0,1,8,1,49,35,1,16,63767,15,606,583,749,1
6774643426,Maudie Rother  ,1,2,2,1,9,1,76,43,7,18,126453,6,547,458,721,1
2524207980,Azucena Rockefeller  ,2,1,3,1,0,1,33,68,4,6,137918,12,487,762,568,1
3197077854,Pinkie Tunnell  ,1,1,1,1,6,0,27,67,4,11,114321,15,459,409,672,1
8237696427,Mozell Strine  ,1,3,3,0,7,1,39,55,11,15,32675,11,587,488,547,1
2350961066,Sam Mercado  ,2,1,0,1,5,0,48,39,14,17,3744,8,688,797,607,1
8550380136,Gale Lehr  ,1,3,0,0,6,1,17,58,9,17,126828,11,508,667,751,1
6239743941,David Pacheo  ,2,1,1,0,7,0,77,66,9,7,128545,2,440,313,756,1
9430280373,Emily Pettiway  ,2,1,2,0,8,1,30,39,7,13,1734,8,574,364,758,1
4534603473,Karla Bocanegra  ,1,3,0,1,6,1,61,40,14,16,65600,15,400,606,734,0
5032170074,Rickie Baylis  ,1,2,0,1,7,1,70,56,5,6,122069,10,437,447,776,1
4111819045,Danilo Dambrosia  ,1,2,3,0,1,0,72,38,1,10,57906,14,680,342,693,1
9341263904,Bernard Calahan  ,1,3,1,0,1,1,69,71,7,6,103814,9,680,751,411,1
2485986597,Ricky Rampton  ,1,3,0,1,1,1,74,74,2,12,79573,7,770,505,775,1
9932121623,Cherilyn Nakagawa  ,2,2,0,1,8,1,31,67,8,9,197860,8,744,446,687,1
7386957085,Latarsha Landau  ,2,2,3,0,10,1,18,50,4,20,110513,11,591,571,380,1
4903637651,Rubye Mengel  ,1,2,1,0,0,0,29,51,6,19,15801,12,505,390,636,1
6445294350,Ashlee Provenza  ,2,2,1,0,3,0,79,59,7,10,195265,15,437,705,586,1
3045018025,Kimi Paolucci  ,2,1,2,0,3,1,17,54,13,19,99727,2,718,367,477,1
1199309791,Gloria Mellor  ,2,3,3,0,5,0,10,71,2,12,128897,11,522,720,530,1
3050185929,Shayla Halsell  ,1,1,3,0,2,0,42,44,1,13,9629,11,505,521,475,1
9261384501,Harley Klosterman  ,2,3,1,0,8,1,14,38,2,9,30043,6,396,575,696,1
1528401266,Kacey Theberge  ,1,3,0,1,8,0,15,62,4,15,157292,6,720,422,324,1
3529865267,Mai Chagolla  ,2,2,3,0,3,1,15,46,10,12,170573,13,768,601,535,1
2068379457,Marcel Hanchett  ,2,1,2,1,2,0,27,75,7,6,33711,15,470,411,560,1
9787676691,Mathew Chaffins  ,1,1,1,0,0,0,44,55,8,20,80735,11,501,793,752,1
7230906049,Emmy Bock  ,2,3,3,1,3,0,16,65,3,10,104748,12,339,604,498,1
4651486100,Millicent Orange  ,2,1,2,0,0,0,44,37,15,14,66947,7,363,800,480,1
8201163016,Nan Gillies  ,1,1,2,1,7,1,37,57,14,18,197008,8,764,715,641,1
5375040889,Phylicia Stork  ,1,2,2,1,8,1,72,63,14,19,33950,5,572,767,742,1
1138858774,Retta Miers  ,1,1,2,1,10,1,21,52,14,9,25162,12,576,724,719,1
76190815,Thomasine Decato  ,1,1,2,0,3,0,30,48,13,14,51717,6,728,504,528,1
6865478969,Hee Maheu  ,2,1,3,0,0,1,36,60,5,19,84557,14,691,800,750,1
3106367046,Brendan Masone  ,1,2,0,1,8,1,61,50,13,5,127222,3,565,556,706,0
5299758456,Jama Pridgen  ,2,3,1,1,0,0,31,38,11,11,121214,12,410,617,469,1
6347794603,Burma Griffin  ,2,1,3,1,4,0,25,50,11,9,190054,13,417,634,371,1
2800019386,Jamila Fredrickson  ,2,3,0,0,2,0,29,57,5,11,76354,4,614,660,658,1
6671526269,Tresa Marx  ,1,3,0,1,3,0,43,41,7,17,50307,4,703,374,767,1
8589224787,Gilda Crafton  ,1,3,2,1,10,1,53,59,9,18,108860,11,304,776,685,1
9630858516,Torie Bradway  ,1,3,1,0,1,1,71,70,5,6,37202,7,603,388,765,1
3125564364,Izetta Sloat  ,2,3,2,0,10,1,13,68,7,15,27564,2,498,335,487,1
1769885753,Della Keithley  ,2,3,3,0,6,1,19,60,12,12,7529,9,674,330,648,1
6864929765,Lulu Ripley  ,1,3,1,0,10,1,31,43,10,15,28219,15,726,663,530,1
3247100149,Marylou Oneil  ,2,3,2,0,7,1,28,46,5,20,167080,11,414,383,536,1
9211595101,Shanice Gessner  ,2,2,1,0,6,0,49,56,9,12,172921,13,442,529,383,1
8107512881,Althea Rough  ,2,3,0,0,7,1,57,47,6,18,123075,9,800,691,633,1
9137661399,Breanne Bellin  ,1,1,1,1,8,0,41,68,1,14,145013,15,390,731,753,1
1470221846,Toney Truman  ,1,2,3,1,6,0,32,38,1,6,49486,6,472,465,581,0
637565790,Aurelia Dipalma  ,2,1,2,0,7,1,32,46,14,5,178672,8,464,377,487,1
180727706,Mitsue Langlinais  ,2,3,3,1,7,1,27,59,7,9,98604,9,310,622,642,1
4866011076,Yun Killion  ,2,3,1,1,2,1,63,37,2,20,110268,10,659,446,609,0
1534735482,Song Maker  ,1,3,3,0,8,1,63,61,4,6,4181,15,566,547,536,1
1524282459,Lonnie Amo  ,2,1,1,0,1,0,34,52,1,5,40716,5,398,729,406,1
1359793507,Dinah Serna  ,1,2,0,1,2,0,62,36,14,18,112330,8,393,752,330,1
2890240984,Jacalyn Minjares  ,2,2,2,0,10,1,12,74,15,16,155200,9,543,339,388,1
4589079775,Laverna Boehme  ,1,2,1,0,2,0,21,52,15,9,169981,8,757,513,645,1
7696567606,Derek Logston  ,2,2,2,1,3,1,14,38,9,18,92124,10,497,422,422,1
7295057939,Bertram Salls  ,2,2,2,1,9,0,60,53,7,11,35309,9,685,797,399,0
4500179860,Heather Kluesner  ,1,2,3,0,1,0,32,74,4,7,79806,11,647,606,687,1
3372542636,Ricki Strobel  ,2,1,2,0,7,1,77,44,6,7,108409,11,461,493,346,0
2286240705,Laurene Hudon  ,1,3,0,0,8,1,27,62,7,15,103370,14,391,737,645,1
9612955304,Cleotilde Edgin  ,2,2,1,0,3,0,72,73,12,18,125946,13,483,382,566,1
8198769651,Brittany Hunsucker  ,2,3,0,1,9,0,38,43,5,13,123864,2,703,675,534,1
3169220492,Maile Stange  ,1,1,2,0,10,0,72,44,9,16,23160,7,386,426,327,1
8427542691,Janell Mcilvain  ,2,1,1,1,9,1,58,60,12,14,92599,5,373,689,458,1
1234790323,Simon Zamor  ,1,1,2,0,0,0,75,74,15,18,39593,13,407,471,717,1
6057758955,Rosanna Monte  ,2,3,3,1,2,1,54,62,14,7,5650,9,709,740,723,1
5132128445,Felisha Alejos  ,2,1,1,1,8,1,70,58,14,6,94577,10,732,589,333,0
4501239398,Ling Bartlow  ,1,2,3,0,2,1,68,53,1,15,39636,12,313,666,650,1
4456130761,Levi Chasse  ,1,2,1,0,3,0,53,48,6,6,83694,2,674,738,444,0
8018098230,Sherrie Emmick  ,1,3,3,1,3,0,20,36,8,9,142743,8,706,307,781,1
4778144423,Rich Thorington  ,2,2,3,0,10,0,38,57,11,13,176697,11,473,542,458,1
2582099738,Wen Kost  ,2,3,2,1,9,0,40,40,4,20,44646,11,698,640,480,0
6288263770,Ja Dyke  ,1,2,3,1,1,0,42,74,10,5,175844,4,372,388,449,0
4365467089,Ngan Uhrig  ,2,3,3,0,5,1,63,55,5,18,167011,2,325,589,305,0
6483485242,Carolyne Ruppel  ,1,1,1,1,1,0,34,55,7,6,51347,12,764,686,592,1
6511506446,Eboni Yeats  ,2,1,0,1,4,1,80,66,5,13,80901,5,345,619,391,0
5837316940,Classie Rochford  ,2,2,3,1,9,0,49,60,8,6,80096,15,748,659,543,1
855094113,Annabelle Gonsales  ,1,3,3,0,7,0,56,56,6,6,2766,4,333,397,348,0
1782270547,Sherill Martens  ,2,2,2,0,1,1,10,64,1,18,198255,4,601,407,786,0
6268780873,Maegan Saraiva  ,2,2,3,1,0,0,21,45,3,16,39999,15,586,364,301,1
2062533541,Hyun Lindberg  ,2,1,0,0,8,0,75,44,12,8,114782,2,321,430,798,1
6791395554,Arnette Washam  ,2,2,1,1,3,0,43,69,15,14,115593,15,556,608,424,1
7991712731,Vanetta Bravo  ,1,3,1,1,4,0,30,74,12,16,135841,14,623,402,711,1
369321668,Elene Mcleroy  ,1,3,2,0,5,1,15,70,11,16,80454,6,343,380,422,1
5538776636,Genie Strothers  ,2,1,2,0,4,1,32,37,11,7,166572,14,353,634,757,1
3681525777,Zachery Wegener  ,2,3,1,1,3,0,44,67,11,9,116051,6,767,337,649,1
2817003483,Floria Gupton  ,2,2,2,0,2,0,44,61,7,12,161812,15,513,404,331,1
9163852474,Meda Maupin  ,2,3,0,1,6,0,80,74,4,17,45346,9,595,717,394,1
6495563468,Myrtice Garlick  ,2,3,1,1,10,0,56,62,3,18,90391,4,654,691,474,1
2906286811,Yael Stringham  ,2,3,2,1,0,0,57,58,5,12,44612,4,698,615,775,1
8298189661,Yasmin Stansfield  ,1,3,3,1,4,0,27,70,5,16,91935,10,506,350,356,1
2833670781,Tanner Concepcion  ,1,2,3,1,0,0,61,55,10,5,184138,6,434,476,466,1
5521362327,Brett Sais  ,1,3,2,0,8,1,12,58,13,8,5173,12,362,590,643,1
2617700399,Bettye Kallas  ,2,1,2,1,6,1,78,54,9,11,12789,11,388,439,425,1
8999063636,Lilian Vanbeek  ,1,2,1,0,5,0,65,75,9,7,147828,6,781,425,382,1
1904546677,Elvie Langevin  ,2,1,3,0,6,0,63,55,10,12,132798,7,364,800,657,1
3194433051,Kimberely Kirkham  ,1,3,1,1,8,0,54,47,2,7,4455,11,785,760,619,1
7219782507,Pattie Sheffler  ,1,1,2,1,5,1,13,67,7,7,69101,9,760,494,693,1
4341967149,Lorina Markovich  ,1,2,0,1,9,1,80,43,8,8,149075,14,484,640,583,1
3596081763,Darron Chagolla  ,2,1,1,0,7,0,43,41,10,10,7562,5,428,560,422,1
939573530,Modesto Delgadillo  ,1,3,0,0,10,0,39,45,11,20,54690,2,569,666,754,1
6375480319,Eufemia Satterlee  ,2,1,2,1,0,0,13,60,15,17,53052,9,569,528,506,1
6493481869,Bennie Nastasi  ,1,3,3,0,0,1,64,53,2,6,71619,5,358,320,677,1
7759985376,Regina Rodriguz  ,1,3,2,0,6,1,11,62,12,16,118358,5,688,404,465,1
4154329252,Lasandra Reighard  ,1,3,3,0,5,1,73,38,7,20,23982,2,474,573,681,1
4275693532,Maia Villafuerte  ,2,1,1,0,8,1,68,41,3,19,146620,14,428,685,545,0
3751849833,Latina Moschella  ,2,1,3,0,1,0,43,39,15,20,30834,5,708,583,505,0
2966334449,Izola Vitagliano  ,1,1,1,1,7,0,56,54,4,9,105106,6,493,305,519,1
8744074133,Chelsey Vallance  ,1,3,2,1,9,0,74,57,11,10,22979,9,376,470,790,0
6423678891,Lavenia Simeone  ,1,1,1,1,5,0,63,57,6,20,141114,10,349,463,526,1
5125054452,Vincenzo Gan  ,1,1,3,0,8,1,53,69,7,12,175697,14,709,529,455,1
112617055,Flossie Labarbera  ,1,1,1,1,1,0,38,62,9,18,139040,9,775,504,604,1
4674062264,Leisa Swaby  ,2,3,2,0,7,0,38,35,4,13,45542,6,592,514,336,1
7664928481,Nicholle Heath  ,2,3,2,1,10,0,31,62,14,14,53943,2,699,577,568,1
5425732706,Elaine Number  ,2,2,3,1,5,1,24,66,4,15,169001,13,538,444,781,1
2687768135,Parker Wile  ,2,3,3,1,1,0,31,39,14,12,28661,3,446,585,356,1
3199988064,Jolanda Egli  ,2,2,0,1,4,0,45,51,7,6,167550,9,717,488,324,0
8237211011,Claretta Tumlinson  ,2,2,2,0,6,0,18,35,8,18,62687,12,396,666,650,0
1095756106,Brock Toto  ,2,2,0,1,8,1,49,74,8,12,80047,6,635,648,794,1
2945236072,Danuta Sokoloski  ,2,1,0,0,0,0,71,64,11,7,5639,7,482,781,517,1
4183104603,Krystyna Mayhan  ,2,1,2,0,1,1,17,39,15,8,78107,9,483,717,452,0
5367158699,Zina Byrnes  ,2,1,2,0,10,0,24,52,14,6,54528,14,773,490,618,1
9050893763,Myung Kunkle  ,1,2,3,1,2,0,40,71,11,18,116815,2,516,584,315,1
9267859652,Shirly Hennigan  ,1,1,0,1,2,0,64,73,4,17,37343,12,451,440,650,1
7316647369,Basil Nigh  ,2,1,2,1,6,1,49,75,7,15,85795,10,796,309,722,1
7618239655,Edwardo Byars  ,2,1,0,0,8,1,71,72,14,12,75851,7,551,593,758,1
9891238538,Loise Gulbranson  ,1,1,1,0,5,1,23,53,8,7,85717,11,401,716,578,1
276302604,Tonia Lemmons  ,1,3,1,0,10,0,31,44,8,17,138957,13,627,396,431,1
4085988635,Evelina Starns  ,1,1,2,0,0,0,59,75,6,13,88233,8,677,316,579,1
7042350050,Trisha Lawley  ,1,1,2,0,1,0,76,67,8,16,198768,4,497,640,749,1
690449154,Ronald Rubi  ,1,2,0,0,7,0,13,38,5,8,119125,14,740,533,552,1
8371965969,Francesca Yu  ,1,2,2,1,0,1,44,71,2,9,52040,8,671,652,352,1
5101371077,Kattie Maudlin  ,2,3,3,0,3,0,39,36,15,13,11958,12,733,459,499,1
2765139381,Renata Gideon  ,1,3,0,0,1,0,27,67,12,8,91285,6,624,426,574,0
6826310971,Dominic Czajkowski  ,1,1,1,1,5,0,13,58,5,6,143246,9,468,461,618,1
7769283619,Latoria Hufford  ,1,1,2,0,6,0,80,52,11,19,161017,11,538,768,450,0
5212239098,Trena Bernardini  ,1,2,0,0,0,0,48,39,3,13,86854,5,653,360,450,1
5329733906,Alanna Ziolkowski  ,1,2,3,0,4,1,64,59,12,19,42251,14,407,331,604,1
2607269596,Jacquetta Kanode  ,2,3,0,0,2,1,18,43,10,7,131716,15,308,529,361,0
3820227590,Janett Monreal  ,2,2,3,1,6,1,60,38,1,5,103156,2,464,337,618,1
8252134455,Emily Sugarman  ,2,1,3,1,9,1,75,47,6,16,136759,6,366,595,434,1
4928239491,Evita Hibner  ,2,2,1,0,5,0,60,51,9,19,108994,4,764,486,432,1
6884797697,Zora Tuch  ,1,1,2,0,2,1,77,49,13,17,10698,10,446,670,405,0
7690322348,Eleonor Hallinan  ,2,2,1,0,3,0,43,56,1,10,117103,4,320,339,571,0
4103591919,Albertha Lemmer  ,2,2,3,1,8,0,60,65,6,19,81712,3,590,537,684,1
1639022304,Andria Weisel  ,1,3,0,1,6,1,62,46,11,17,107201,2,536,446,360,1
7379444437,Cristen Williford  ,1,1,2,1,4,0,71,61,3,12,92295,2,442,731,412,1
646895838,Dorris Husband  ,1,2,2,0,1,0,52,66,3,7,48200,15,749,598,588,1
8953452047,Ferne Tousignant  ,1,3,0,0,10,0,44,73,8,6,16638,6,591,598,313,1
3664245025,Carmelina Mcbrayer  ,2,3,0,1,10,1,14,74,6,9,148871,14,680,588,437,1
1849487365,Kory Keebler  ,1,3,0,1,10,0,74,48,8,17,15586,2,755,506,481,1
9592905398,Maragaret Dupuis  ,2,2,1,1,5,1,61,43,9,10,110150,8,619,522,444,1
3167890286,Shizue Guth  ,1,1,0,0,10,0,50,62,7,14,94119,9,444,563,790,1
224087830,Janis Chestnut  ,1,3,0,1,3,1,40,39,11,7,136041,8,492,529,621,1
6077426325,Antonio Rowland  ,2,2,0,1,9,1,33,52,14,16,25144,2,427,466,419,0
3497017410,Vanda Cates  ,2,2,1,1,8,1,46,65,10,5,102668,3,796,708,632,0
3337650399,Ken Knowles  ,2,1,3,1,10,1,41,67,10,15,176315,10,412,341,548,1
6937718926,Art Seyal  ,1,1,1,1,1,0,40,45,13,11,90345,10,400,344,669,1
7306622201,Evangeline Gallardo  ,1,1,2,0,3,0,31,44,1,16,189111,6,342,674,673,0
2709957772,Leonel Nova  ,2,1,0,0,0,0,66,41,12,19,135232,13,394,757,449,0
6799329889,Brenda Kroon  ,2,3,3,1,5,1,35,48,1,8,26996,5,763,474,381,1
8126369583,Mallory Greeson  ,1,3,1,0,8,0,37,44,10,7,15889,11,488,495,685,0
5947416641,Philip Viverette  ,1,1,0,0,5,1,38,44,11,14,6217,9,638,648,316,1
591249698,Dolores Carn  ,1,3,0,1,1,0,27,68,1,6,6725,2,742,688,612,1
1720730157,Kerstin Agnew  ,1,2,3,0,2,0,37,71,7,10,49687,15,617,439,748,1
9824939897,Sandie Kendall  ,1,1,3,0,9,1,60,51,15,9,114580,7,567,778,602,1
5133500668,Myrtice Phan  ,2,3,3,1,0,0,51,74,13,12,142840,5,787,710,750,0
7257079767,Omer Stenger  ,1,3,1,1,8,1,24,73,8,20,163908,3,404,676,664,1
8765138064,Azzie Stancill  ,1,1,2,1,4,1,13,38,6,19,168,2,309,360,336,1
7398577662,Jodee Coplin  ,2,2,0,0,7,0,22,63,14,14,37877,14,560,611,693,1
4869221358,Shemika Mrozek  ,2,1,1,0,7,1,40,56,7,14,183135,5,731,717,740,1
7088421401,Romeo Fanning  ,2,1,0,0,8,1,49,56,14,19,61565,3,350,757,583,1
4261332328,Shaquita Tomko  ,2,3,0,1,4,1,62,68,4,5,68581,5,745,459,518,1
5275924434,Alyse Feltmann  ,1,1,0,1,8,1,28,54,5,15,196304,7,383,370,618,1
7330884922,Herlinda Witherow  ,1,1,1,0,1,0,65,53,11,6,137304,8,741,465,575,1
3324644129,Roselyn Pipes  ,2,1,2,1,9,0,15,57,2,14,127729,12,711,457,784,1
5971208902,Veta Osman  ,1,3,0,1,3,0,60,61,1,6,72654,7,311,372,409,1
1783799896,Noma Bottorff  ,2,3,1,0,9,0,33,44,14,15,84866,15,739,580,484,0
3030992153,Eryn Markum  ,2,3,1,1,1,0,56,47,13,8,40590,12,363,417,448,0
4184565861,Angelita Schulte  ,1,3,2,1,8,0,73,63,10,14,47688,5,321,586,624,1
1096980790,Danelle Cagle  ,1,2,1,1,5,0,13,42,11,8,165758,10,493,726,570,1
4543254055,Eloise Belanger  ,1,1,2,0,2,0,70,35,2,15,132107,10,342,644,512,1
2701434964,Stanford Driscoll  ,1,2,3,1,5,1,71,55,9,19,156397,8,554,597,552,1
979985132,Nigel Ollis  ,2,1,2,0,7,1,57,43,5,10,27899,14,566,710,385,1
8342998760,An Gee  ,1,2,3,0,0,1,66,49,14,13,152465,6,347,637,606,1
8545209900,Jenell Hoover  ,2,3,1,0,10,0,12,59,14,18,136592,12,302,778,701,1
6779352295,Missy Loyola  ,2,2,1,0,7,1,65,58,6,13,160089,14,660,337,353,1
3971299153,Onie Zollars  ,2,1,1,0,3,1,53,45,7,15,55835,8,508,582,670,1
7215704382,Jesse Pontious  ,1,1,3,1,2,1,27,75,15,12,46517,8,388,756,468,0
6243583555,Johnnie Spell  ,1,1,1,0,8,0,77,38,1,13,37120,14,596,715,670,1
9871767294,Janie Halvorsen  ,1,2,2,0,3,1,76,63,11,9,19048,5,614,418,603,0
1399281228,Hang Kimzey  ,2,3,3,0,10,1,56,57,13,11,120978,14,443,306,698,1
3535078345,Jerica Dates  ,1,1,3,0,5,0,20,73,6,7,43696,2,694,321,430,0
2058687205,Marlena Ricciardi  ,2,2,0,0,6,1,26,45,2,17,179849,7,546,682,774,1
2347142767,Alina Hennen  ,2,3,3,1,8,1,13,74,5,7,114054,11,300,727,471,1
9549221269,Cinderella Moua  ,2,2,1,0,6,0,16,60,12,10,93439,10,488,655,444,1
9193650687,Liane Bartmess  ,2,3,1,0,2,0,42,36,14,17,22061,9,671,647,309,0
1616068490,Carlita Zabriskie  ,1,2,0,1,1,0,31,49,2,8,146044,12,396,689,711,1
2740061571,Marita Gehling  ,1,3,2,0,9,0,65,46,15,11,59204,7,536,496,733,0
3517590626,Ruthe Hussein  ,2,1,2,0,0,1,16,50,8,19,54416,5,323,405,329,1
5263983509,Jeffery Isler  ,1,2,2,0,7,1,80,52,13,14,95071,13,645,775,409,1
4767176979,Oretha Febres  ,2,1,3,0,7,1,30,71,6,10,182861,10,752,419,347,1
4084077721,Migdalia Wentzel  ,1,1,2,0,4,0,69,62,5,8,122723,14,455,502,562,1
7290621924,Christeen Steiner  ,1,1,3,1,5,1,44,56,15,18,67560,11,593,520,371,0
7028693075,Stan Hough  ,1,3,0,1,9,1,31,73,4,6,63802,11,780,642,637,1
9585174270,Savanna Hornbeck  ,2,2,1,1,10,1,73,69,4,9,59260,2,314,485,444,1
2453272873,Elenore Jacob  ,1,1,0,1,3,1,45,74,15,13,141577,11,722,675,769,0
6069168343,Emogene Probst  ,1,2,1,0,9,1,45,39,12,7,82129,13,461,505,541,1
946060979,Sol Bednar  ,2,2,1,1,10,1,67,39,13,7,28274,5,360,601,643,1
496474336,Siu Wieck  ,2,1,0,0,1,0,50,62,5,19,73337,9,649,661,516,1
4619969486,Dudley Angert  ,1,3,2,1,1,0,67,58,15,12,23026,3,662,636,682,1
5573134005,Terrie Boulton  ,2,3,2,1,9,1,62,72,13,12,168552,10,405,617,422,1
3890422462,Lauralee Deel  ,1,3,0,0,3,1,58,66,9,17,77872,4,766,324,682,0
722870923,Kathlene Raymond  ,1,1,0,0,2,0,56,54,13,16,175480,10,637,739,726,0
2316237902,Micheal Swigert  ,1,3,3,0,6,0,37,42,14,10,54646,9,781,304,430,1
7311143554,Berniece Buskirk  ,2,2,2,0,3,1,38,63,11,12,66164,14,491,704,387,1
5122868767,Kaila Butkovich  ,1,2,0,0,3,0,68,47,4,13,127267,15,757,565,308,1
2949868241,Nam Grady  ,1,1,3,1,2,0,11,73,4,15,71537,13,482,771,388,1
7465999400,Quintin Hitchcock  ,2,3,1,0,10,0,49,68,9,20,94838,7,472,462,404,1
7618744242,Leann Milholland  ,2,2,0,1,4,1,72,37,7,17,198483,4,742,435,638,1
1533546324,Golda Aguiar  ,1,2,3,1,3,1,45,50,13,18,111754,3,382,575,663,1
3594325164,Caleb Cheek  ,1,2,3,1,6,1,53,42,6,20,150896,14,446,662,341,1
5369317945,Annetta Zhu  ,1,1,1,0,7,1,58,61,4,12,194247,7,495,363,538,1
7665364049,Ollie Dicus  ,2,2,0,1,0,1,73,68,1,7,177643,5,677,544,464,1
5390430073,Zack Burton  ,1,1,1,1,5,1,20,47,4,13,11791,10,755,698,321,1
9906341393,Wm Nogueira  ,2,1,0,0,10,1,45,46,4,11,7873,12,508,633,419,1
6544301189,Emily Souther  ,1,1,1,1,1,1,22,52,15,7,31738,8,419,426,341,1
4465421271,Bernardina Wrona  ,1,2,1,0,9,0,52,54,11,10,163001,6,789,546,426,1
6338255782,Providencia Bedolla  ,1,2,1,0,7,1,42,39,2,11,181479,10,409,575,329,1
4740997881,Lorette Berryman  ,2,3,1,0,6,1,40,56,13,16,48288,15,533,411,443,1
6752692810,Stephany Gunnell  ,1,1,2,1,7,1,22,54,10,6,28342,11,557,638,676,0
8871404158,Cleveland Matheney  ,2,3,3,0,10,0,62,74,3,7,1344,12,742,316,695,1
336394112,Lucas Gerke  ,1,3,0,0,10,0,72,70,3,8,123316,8,600,662,536,1
9621426795,Wanda Varnell  ,1,3,1,0,0,1,76,35,11,16,141447,11,448,519,527,1
280660559,Magan Lathem  ,2,1,1,0,3,0,23,58,4,12,401,3,369,568,587,1
7387238499,Margo Sias  ,2,2,2,0,0,1,72,75,1,6,3053,12,411,721,615,1
4446931571,Blondell Gendron  ,1,2,2,0,0,0,75,63,11,15,149289,15,560,553,322,0
4173494012,Rolanda Willert  ,2,1,0,0,4,1,70,59,9,12,91158,10,590,589,518,1
8723016132,Rodrigo Robichaux  ,2,2,0,1,3,1,59,74,12,16,190044,2,582,372,637,0
5253268474,Arnita Krell  ,1,3,3,0,2,0,39,49,5,16,130609,8,697,317,411,1
1692573411,Tania Clutts  ,2,2,3,0,2,0,72,55,4,15,79939,10,767,664,665,1
517313486,Isadora Rochon  ,1,2,2,1,2,1,19,50,8,18,47344,7,325,672,320,1
8092804792,Melina Resendes  ,2,3,2,0,0,0,29,50,14,16,142622,12,800,331,606,1
2907094887,Jalisa Enriquez  ,1,2,1,0,8,0,79,60,11,7,147143,12,468,504,575,1
9449903912,Georgiann Holder  ,1,2,0,1,9,0,68,59,8,12,54633,3,558,314,691,1
3471781736,Yang Blomberg  ,2,1,2,0,8,0,76,53,11,5,167179,13,347,470,470,0
2955264291,Romaine Taul  ,2,2,1,1,9,1,13,68,10,7,47001,10,569,475,543,1
1567376598,Ta Nass  ,1,2,3,1,10,1,61,44,13,19,157660,13,795,490,758,0
3335835547,Corinne Bolden  ,1,1,0,0,4,0,68,50,8,10,28474,8,650,551,360,1
3541617464,Simonne Chenier  ,1,1,1,1,8,1,46,50,6,8,53100,6,652,767,619,1
8154499122,Jonathan Lamas  ,1,1,1,0,9,0,41,43,4,19,47215,12,317,727,446,0
6104984070,Anitra Gabrielli  ,1,1,1,0,6,1,39,47,9,12,99514,3,692,368,436,1
2961916701,Chanell Bank  ,2,2,3,1,4,0,55,47,8,14,66132,4,408,701,527,1
9183019779,Kendall Hofmeister  ,2,3,0,0,8,0,65,44,7,14,192199,15,622,796,380,1
3216290696,Frieda Melin  ,2,1,1,1,10,1,80,55,13,7,148283,14,763,330,579,1
2752505465,Numbers Broadhead  ,2,1,3,1,3,0,71,70,3,14,121334,6,648,764,388,0
9031988119,Tamiko Zaccaria  ,1,1,3,1,1,1,42,49,12,8,117157,5,556,769,652,0
803747637,Allan Brugh  ,2,1,3,0,1,0,49,52,1,16,184386,2,615,480,562,1
5405003396,Hilde Session  ,1,2,3,0,8,0,38,38,1,15,99415,6,576,342,487,1
3627962548,Deshawn Guebert  ,1,1,0,0,2,0,16,57,7,5,116194,11,538,475,699,0
777313660,Lela Gutirrez  ,1,3,3,0,8,0,42,45,13,7,102012,6,541,735,441,1
6165521331,Valentine Nestle  ,2,3,1,1,3,0,11,69,7,11,194447,3,625,758,478,1
4127164012,Fran Burell  ,2,2,2,0,4,0,42,50,11,15,89661,7,539,660,484,1
9194516020,Drew Bronk  ,1,3,2,1,2,1,25,54,4,11,77508,13,334,585,606,1
6230889969,Jeanne Frame  ,1,1,1,0,3,1,37,70,13,13,98913,3,700,465,332,0
9604217311,Brice Hylton  ,1,2,2,1,10,0,64,47,9,15,148363,8,623,462,431,1
2625421090,Traci Vandoren  ,2,3,3,1,9,1,49,66,1,13,147121,9,440,645,665,1
2836420851,Rosalinda Pane  ,2,3,1,1,5,1,43,54,6,20,88427,11,364,402,700,0
4520703453,Tonita Tischler  ,2,3,3,1,2,1,48,56,10,16,42549,13,715,523,422,0
6666945180,Frieda Wiest  ,1,3,1,0,2,1,26,56,4,13,93941,14,720,439,430,1
2932483576,Hyun Knerr  ,1,3,2,1,9,1,27,43,6,8,10757,11,768,509,696,1
9216493723,Willa Cardin  ,1,3,2,0,5,1,62,62,15,9,47290,6,440,427,459,1
5658934686,Sabrina Greear  ,1,3,0,0,7,1,39,60,2,5,3748,6,793,490,324,0
9302201175,Laree Claeys  ,2,3,1,0,7,0,23,54,2,7,128098,5,683,547,349,0
3855991762,Madison Correia  ,2,1,0,1,1,1,22,50,9,16,129462,11,307,534,352,1
3940724518,Lasonya Frias  ,1,2,1,0,2,1,47,52,6,8,196472,8,690,582,614,1
3666150139,Lorri Hayslett  ,1,1,1,1,7,0,43,69,7,7,118901,11,521,728,380,1
431681612,Keira Teague  ,1,3,2,0,9,1,44,43,7,7,121728,13,552,692,761,0
9355762641,Gale Shotwell  ,1,1,2,1,3,0,28,39,1,14,155962,6,591,746,533,1
992605427,Usha Keese  ,1,2,3,1,5,0,69,61,1,20,111123,2,672,325,607,1
6560008733,Kanisha Blalock  ,1,1,1,0,5,1,27,54,11,5,157889,10,390,530,305,1
8727693365,Raeann Ledford  ,2,3,0,1,3,0,41,49,12,5,64130,13,724,738,472,1
1781240316,Vanessa Bleich  ,2,1,0,1,0,0,69,53,1,15,134388,2,632,751,603,1
7882978267,Zula Tallon  ,2,2,2,1,2,1,13,62,4,17,142739,2,722,466,333,1
7712156840,Dannielle Duff  ,1,3,3,0,0,1,14,71,4,14,93504,3,685,537,604,1
3031618404,Andria Beisner  ,1,2,1,0,5,0,63,47,13,19,24234,9,748,574,773,0
7131673016,Carlita Barriga  ,1,3,1,1,2,0,36,59,3,16,26611,7,774,592,568,1
8044335323,Armandina Luca  ,2,1,3,1,5,0,25,72,12,20,51358,12,612,516,555,1
7891173555,Mimi Gober  ,2,1,0,0,4,0,24,48,4,12,182865,15,665,442,435,1
1213526338,Kelvin Ricken  ,2,2,2,1,6,1,79,37,9,12,175864,2,474,634,344,0
3620240953,Trena Strauser  ,2,3,2,1,7,1,46,60,9,18,166015,13,354,720,708,0
6514945526,Necole Chamorro  ,1,2,3,1,6,0,17,49,9,10,33150,4,543,497,344,1
6886698699,Rayford Mabry  ,2,1,0,1,5,1,63,70,5,9,190408,15,361,543,756,1
415052726,Khalilah Dawes  ,1,3,1,0,4,1,14,65,15,14,103017,11,548,479,473,0
6235089169,Chaya Mendieta  ,2,2,2,0,9,1,13,70,1,15,141841,14,435,340,787,0
7173010663,Carlos Vanhook  ,1,3,2,1,5,1,13,60,4,8,185151,12,732,474,544,1
4340211564,Bennett Janey  ,1,2,2,1,6,0,32,42,4,7,89022,2,795,329,417,1
5965690466,Ellsworth Bunge  ,1,3,2,1,7,1,68,51,15,15,103504,8,487,737,586,1
4550942958,Anita Prestwood  ,1,2,2,0,3,1,29,35,15,10,45962,10,776,737,364,1
4920772123,Kermit Stucky  ,1,3,1,1,5,1,10,61,8,10,147221,2,343,612,329,1
6428654380,Kory Royston  ,1,2,0,1,6,0,39,49,2,6,94791,3,369,677,341,0
617513657,Sherry Sweeney  ,1,3,0,1,8,1,23,73,12,16,127123,5,464,424,392,1
5217023603,Hester Sells  ,1,3,3,1,1,1,49,51,12,14,88159,4,375,611,512,1
6643799187,Gerri Galbreath  ,1,2,3,0,3,0,23,43,3,11,170098,10,744,623,552,1
8801029468,Iesha Mccollough  ,2,2,1,1,5,1,62,75,14,19,92284,5,352,721,366,0
3147655517,Jacinta Reder  ,2,1,1,0,4,1,36,44,9,13,20916,15,709,357,395,0
